{
  "images" : [
    {
      "size" : "20x20",
      "idiom" : "iphone",
      "filename" : "BlueNotificationIcon@2x.png",
      "scale" : "2x"
    },
    {
      "size" : "20x20",
      "idiom" : "iphone",
      "filename" : "BlueNotificationIcon@3x.png",
      "scale" : "3x"
    },
    {
      "size" : "29x29",
      "idiom" : "iphone",
      "filename" : "Simple@58x58.png",
      "scale" : "2x"
    },
    {
      "size" : "29x29",
      "idiom" : "iphone",
      "filename" : "Simple@87x87.png",
      "scale" : "3x"
    },
    {
      "size" : "40x40",
      "idiom" : "iphone",
      "filename" : "Simple@80x80.png",
      "scale" : "2x"
    },
    {
      "size" : "40x40",
      "idiom" : "iphone",
      "filename" : "BlueIcon@2x-1.png",
      "scale" : "3x"
    },
    {
      "size" : "60x60",
      "idiom" : "iphone",
      "filename" : "BlueIcon@2x.png",
      "scale" : "2x"
    },
    {
      "size" : "60x60",
      "idiom" : "iphone",
      "filename" : "BlueIcon@3x.png",
      "scale" : "3x"
    },
    {
      "size" : "20x20",
      "idiom" : "ipad",
      "filename" : "BlueNotificationIcon.png",
      "scale" : "1x"
    },
    {
      "size" : "20x20",
      "idiom" : "ipad",
      "filename" : "BlueNotificationIcon@2x-1.png",
      "scale" : "2x"
    },
    {
      "size" : "29x29",
      "idiom" : "ipad",
      "filename" : "Simple@29x29.png",
      "scale" : "1x"
    },
    {
      "size" : "29x29",
      "idiom" : "ipad",
      "filename" : "Simple@58x58-1.png",
      "scale" : "2x"
    },
    {
      "size" : "40x40",
      "idiom" : "ipad",
      "filename" : "Simple@40x40-1.png",
      "scale" : "1x"
    },
    {
      "size" : "40x40",
      "idiom" : "ipad",
      "filename" : "Simple@80x80-1.png",
      "scale" : "2x"
    },
    {
      "size" : "76x76",
      "idiom" : "ipad",
      "filename" : "BlueIconIpad.png",
      "scale" : "1x"
    },
    {
      "size" : "76x76",
      "idiom" : "ipad",
      "filename" : "BlueIconIpad@2x.png",
      "scale" : "2x"
    },
    {
      "size" : "83.5x83.5",
      "idiom" : "ipad",
      "filename" : "BlueIconLargeIpad@2x.png",
      "scale" : "2x"
    },
    {
      "size" : "1024x1024",
      "idiom" : "ios-marketing",
      "filename" : "Simple-iTunesArtwork.png",
      "scale" : "1x"
    }
  ],
  "info" : {
    "version" : 1,
    "author" : "xcode"
  },
  "properties" : {
    "pre-rendered" : true
  }
}